 
 
 
                                                                                                                      
Interruption of 
Electricity Supply 
Notice is hereby given under Rule 27 of the Electric Power Rules 
That the electricity supply will be interrupted as here under: 
(It is necessary to interrupt supply periodically in order to 
facilitate maintenance and upgrade of power lines to the network; 
to connect new customers or to replace power lines during road 
  construction, etc.) 
NAIROBI REGION 
 
AREA: BABADOGO 
DATE: Sunday 15.08.2021                                  TIME: 9.00 A.M. – 5.00 P.M. 
Kenafric Rubber Factory, Cussons Industry, LG Harries, Siraj & adjacent 
 customers  
AREA: ZIMMERMAN, GITHURAI 44 
DATE: Monday 16.08.2021                                  TIME: 9.00 A.M. – 5.00 P.M. 
Zimmerman, Carwash, Part of Githurai 44, Equity, Kahawa Barracks, 
 Farmers Choice, Congo, Part of Kahawa West, KU & adjacent customers. 
AREA: KAHAWA BARRACKS 
DATE: Monday 16.08.2021                                  TIME: 9.00 A.M. – 5.00 P.M. 
Part of Zimmerman Est, Part of Githurai 45 Est, Kahawa Barracks, Part of 
 Kahawa Sukari Est & adjacent customers.  
AREA: BAHATI, BIAFRA 
DATE: Monday 16.08.2021                                  TIME: 9.00 A.M. – 5.00 P.M. 
Bahati, Shauri Moyo, Part of Jogoo Rd, Government Quarters, Trufruits 
Company, City Stadium, Maridadi, Biafra, MOW, Ambira Rd, Heshima 
 Rd, Makongeni, Kaloleni & adjacent customers.  
AREA: PARTS OF PEPONI 
DATE: Tuesday 17.08.2021                                 TIME: 9.00 A.M. – 5.00 P.M. 
Parts of Peponi Rd, Parts of Spring Valley Rd, Parts of Donyo Sabuk Ave, 
France Embassy, Peponi Gardens, Ola Petrol Stn, Ivory Apartments & 
 adjacent customers. 
PARTS OF MACHAKOS COUNTY 
AREA: PART OF MOMBASA ROAD  
DATE: Tuesday 17.08.2021                                 TIME: 9.00 A.M. - 5.00 P.M. 
 Apex TMD, Athiriver Tanneries, Safaricom Mall & adjacent customers. 
PARTS OF KAJIADO COUNTY 
AREA: NGONG TOWN, MASAI GILS  
DATE: Tuesday 17.08.2021                                TIME: 9.00 A.M. – 5.00 P.M. 
Ngong Town, Zambia, Ngong Vet, Olepolos, Bulbul, Kerarapon & adjacent 
 customers. 
 NORTH RIFT REGION 
PARTS OF TURKANA COUNTY 
AREA: LOKORI 
DATE: Saturday 14.08.2021                                TIME: 9.00 A.M. – 2.00 P.M. 
Lokori Catholic, Lokori Sub County Hosp, Lokori Centre, Terter Hotel, ALC 
 Lokori Hosp, Lokubuk Centre, Lokori CDF Office & adjacent customers. 
PARTS OF UASIN GISHU COUNTY 
AREA: SOSIANI FARM, ZENA ROSES  
DATE: Tuesday 17.08.2021                                TIME: 9.00 A.M. – 2.00 P.M. 
 Zena Roses, Sosiani Farm & adjacent customers. 
 WESTERN REGION 
PARTS OF KISUMU COUNTY 
AREA: OMBEYI MKT, MASOGO MARKET 
DATE: Tuesday 17.08.2021  
                         TIME: 8.00 A.M. – 5.00 P.M. 
Onyalo Biro, Ombeyi Mkt, Masogo Mkt, St. Rita Ramula, Onyango Midika & 
 adjacent customers. 
PARTS OF BUNGOMA COUNTY 
AREA: WEBUYE CBD, BUTALI SUGAR 
DATE: Tuesday 17.08.2021  
 
            TIME: 9.00 A.M. – 3.00 P.M. 
Milo Sec, Webuye CBD, Webuye Sub County Hosp, Hongera Miller’s, 
Webuye Heavy Chemicals, Butali Sugar, Matete Mkt, Kaburengu Mkt, St. 
Paul’s Sec, PEFA Pri, Webuye Generation, Webuye Power Gas, Sango Mkt 
 & adjacent customers. 
 
  
AREA: CHEKALINI, BISHOP NJENGA GIRLS 
DATE: Tuesday 17.08.2021  
 
         TIME: 9.00 A.M. – 11.00 A.M. 
Kaburengu Mkt, Chimoi Mkt, Bishop Njenga Girls, Mayoyo Mkt & School & 
 adjacent customers. 
 SOUTH NYANZA REGION 
PARTS OF HOMA BAY COUNTY 
AREA: PART OF HOMA BAY TOWN  
DATE: Saturday 14.08.2021                               TIME: 9.00 A.M. – 1.00 P.M. 
Governor's Offices, Homa Bay Mkt, Shivling S/Mkt, Homabay Police, Tom 
Mboya Univ, KPLC Offices, Cold Springs Hotel, KCB, Co-op Bank, Garage, 
Oasis Hosp, Ruma Hotel, AP Line, GK Prisons, KMTC Homa Bay, Kenya 
Forest Offices, Judiciary, County Offices, Vanity Lounge, Ambassador Hotel 
 & adjacent customers. 
AREA: OCHUODO, SEKA 
DATE: Sunday 15.08.2021                                  TIME: 9.00 A.M. – 4.00 P.M. 
Makaka Kotieno, Seka, Asio Road Rambira, Rambira Safaricom, Ochuodo 
 Beach, Soko Kagwa & adjacent customers. 
 MT. KENYA REGION 
PARTS OF MERU COUNTY 
AREA: MAUA, LAARE 
DATE: Monday 16.08.2021                                TIME: 9.00 A.M. – 4.00 P.M. 
Maua Town, Laare, Igembe North, Igembe South, Igembe Central, Kiegoi 
T/Fact, Igembe T/Fact, Kinna, Garbatulla, Benane, Karama, Kangeta, 
 Mutuati, KWS, Kiengu & adjacent customers. 
AREA: NATIONAL OIL, MIKUMBUNE BOYS 
DATE: Tuesday 17.08.2021                               TIME: 9.00 A.M. – 4.00 P.M. 
National Oil, Mikumbune Boys, Gaatia Mkt, Kigane H/Centre, Munani C/Fact, 
 Nyanya C/Fact, CCM Church & adjacent customers. 
 NORTH EASTERN REGION 
PARTS OF KIAMBU COUNTY 
AREA: MUTHURE, UTHIRU, KINGEERO 
DATE: Sunday 15.08.2021                                   TIME: 7.00 A.M. - 5.00 P.M. 
Nyathuna, Part of Gitaru, Chura, Ruku, Kahuho, Gwa Thiong’o, Lower Kabete 
Junction, Wangige, Uthiru, Karura, Fort Smith, Ndumbuini, Rukubi & adjacent 
 customers. 
AREA: MEMBLEY, KIWANJA 
DATE: Tuesday 17.08.2021                                 TIME: 9.00 A.M. - 5.00 P.M. 
Wataalam, Githunguri Ranch, Whole of Membley Est, Gitambaya, Nyayo 
 Hostel KU Kiwanja, Low Rates & adjacent customers. 
 COAST REGION 
PARTS OF KILIFI COUNTY 
AREA: KOKOTONI 
DATE: Tuesday 17.08.2021                                TIME: 9.00 A.M. – 5.00 P.M. 
 Roofing Africa, Tarmal Kokotoni & adjacent customers. 
PARTS OF MOMBASA COUNTY 
AREA: MKOMANI 
DATE: Wednesday 17.08.2021                           TIME: 9.00 A.M. – 5.00 P.M. 
        Mkomani Est & adjacent customers. 
 
                                                                                                   
 
 
 
For further information, contact 
 the nearest Kenya Power office 
Interruption notices may be viewed at 
www.kplc.co.ke 
