 
 
                                                                                                                      
Interruption of 
Electricity Supply 
Notice is hereby given under Rule 27 of the Electric Power Rules 
That the electricity supply will be interrupted as here under: 
(It is necessary to interrupt supply periodically in order to facilitate 
maintenance and upgrade of power lines to the network; to connect new 
 customers or to replace power lines during road construction, etc.) 
 NAIROBI REGION 
AREA: PART OF DANDORA, KAMUNDE ROAD 
DATE: Saturday 07.08.2021                               TIME: 9.00 A.M. – 5.00 P.M.  
Dandora Girls Sec, Dandora Phase I & 2, Korogocho, Part of Kamunde Rd & 
 adjacent customers. 
AREA: PART OF PARKLANDS 
DATE: Sunday 08.08.2021                                  TIME: 9.00 A.M. – 5.00 P.M. 
Part of Limuru Rd, Part of 2nd, 3rd, 4th, 5th & 6th Parklands Ave, Mtama Rd, Iregi 
 Rd, Agakhan Hosp & adjacent customers. 
AREA: PART OF MURATINA STREET 
DATE: Sunday 08.08.2021                                  TIME: 9.00 A.M. – 5.00 P.M. 
Part of Muratina Street, Jam Street, Ushirika, Part Shauri Moyo, Jua kali, 
General Waruingi, Part of Starehe, Pumwani Boys, Pumwani Girls & adjacent 
 customers. 
AREA: PARTS OF NGARA, PART OF PARKLANDS 
DATE: Sunday 08.08.2021                               TIME: 9.00 A.M. – 5.00 P.M. 
Parts of Kolobot Rd, Parts of Kipande Rd, Parts of Limuru Rd, Shilingi Rd, 
Chambers Rd, Part of Kirinyaga Rd, John Michuki Memorial Park, Mushembi 
Rd, Police Sacco Plaza, Rabi Hotel, Lancent Lab 2000, Paramount Plaza, 
Adventure 360 Africa, The Hacienda, Fig Tree Hotel, Chandarana Food Plus, 
TRV House, Chemil Rd, Westlands Rd, Villa Rosa Kempinski Hotel, National 
 Museum & adjacent customers. 
AREA: PART OF KITSURU, GETATHURU 
DATE: Tuesday 10.08.2021                                 TIME: 9.00 A.M. – 5.00 P.M. 
Part of Lower Kabete Rd, Kenya School of Gvt, Lower Kabete School 
Business, Iranian Embassy, Farasi Lane, Peponi Sch, Part of Ngecha Rd, 
Mitini Est, Lake View Est, UN Offices, Mwimuto, NSSF, New Kitsuru Est, 
Kabete Springs, UoN Upper Campus Water Pump, Woodvale Est & adjacent 
 customers. 
AREA: NAIVASHA ROAD 
DATE Tuesday 10.08.2021                                  TIME: 9.00 A.M. - 5.00 P.M. 
Part of Ngong Rd, Part of King'ara Rd, Part of Riara Rd, Bamboo Lane, 
Wanyee Rd, Part of Kinyanjui Rd, Riruta Police, Part of Kabiria Rd, Kinyanjui 
Pri Sch, Kabiria Lepic, Kabiria kwa Maji, Kinyanjui Technical, Part of Dagoretti 
Corner, Part of Riara Rd, Nakumatt Junction, Part of Gitanga Rd, Part of 
Kawangare, Kawangare Congo, Deliverance Stage, Nyakinyua Rd & 
 adjacent customers. 
PARTS OF MACHAKOS COUNTY 
AREA: PART OF MOMBAA ROAD 
DATE: Sunday 08.08.2021                                TIME: 9.00 A.M. - 5.00 P.M. 
Muthama Heights, Prisy Apts, Loneview Apts, Dinlas Pharma & adjacent 
 customers. 
AREA: PART OF MLOLONGO TOWN  
DATE: Sunday 08.08.2021                                   TIME: 9.00 A.M. - 5.00 P.M. 
 AIC Kasina, Shell Mlolongo, 3Ds Hotel, Dunman & adjacent customers. 
AREA: PART OF MOMBASA ROAD  
DATE: Sunday 08.08.2021                                   TIME: 9.00 A.M. - 5.00 P.M. 
Best Homes, Loneview Est, Yamin Est, Dinlas Pharma, Prissy Apts, Muthama 
 Heights, Tofina Apts, Fairview Est & adjacent customers. 
AREA: MUTHETHENI  
DATE: Tuesday 10.08.2021                                TIME: 9.00 A.M. – 5.00 P.M. 
Masii Girls, Mbaani, Kalyambeu, Kyaani, Ngamba Mkt, Kisola, Kyethivo, 
 Itithini Matuu, Miu & adjacent customers.  
AREA: IKALAASA 
DATE: Tuesday 10.08.2021                                TIME: 9.00 A.M. – 5.00 P.M. 
Yathui Mkt, Mulu Sec, Mulu, Kyalavo, Kitile, Mutula, Katulani, Kuibauni, 
 Ikalaasa, Tulila & adjacent customers. 
AREA: PART OF MOMBASA ROAD  
DATE: Tuesday 10.08.2021                                 TIME: 9.00 A.M. - 5.00 P.M. 
 Apex TMD, Athiriver Tanneries, Safaricom Mall & adjacent customers. 
PARTS OF MAKUENI COUNTY 
AREA: WOTE, MAKINDU ROAD FROM KAVUMBU TO KIBOKO 
DATE: Wednesday 11.08.2021                            TIME: 9.00 A.M. - 5.00 P.M. 
Kasuvi, Mulilii Booster & Mkts, Yimwaa, Kalii, Kiangini, Kavete Mkts, Mbuvo, 
Kitise, Kanzokeani, Kavumbu, Yembombo, Kyunyu, Thavu & adjacent 
customers. 
CENTRAL RIFT REGION 
 
PARTS OF BOMET COUNTY 
AREA: SOTIK TOWN, KAPLONG 
DATE: Monday 09.08.2021                 
            TIME: 9.00 A.M. – 3.00 P.M. 
Sotik Town, Tembwo, Burgei, Rongena, Ndanai, Evergreen T/Fact, Sotik 
Tea, Monire, Kipkebe T/Fact, Kaplong Hosp, Part of Kaplong Town, Soimet, 
Kimolwet, Kimawit, Keroncho, Kamureito, Chebole, Kanusin, KCC Factory & 
 adjacent customers.  
NORTH RIFT REGION 
 
PARTS OF NANDI COUNTY 
AREA: KILIMBWONI, TERIGE, KCC LESSOS  
DATE: Tuesday 10.08.2021                               TIME: 10.00 A.M. – 3.00 P.M. 
Kilibwoni, Katanin, Kapnyeberai, Terige, Emdin, Songoliet, KCC Lessos & 
 adjacent customers. 
PARTS OF UASIN GISHU COUNTY 
AREA: MKOMBOZI SECONDARY 
DATE: Saturday 07.08.2021         
            TIME: 7.00 A.M. – 5.00 P.M. 
DATE: Sunday 08.08.2021                                  TIME: 7.00 A.M. – 5.00 P.M. 
 Mkombozi Sec, Asururiet, Part of Kesses & adjacent customers.  
PARTS OF TURKANA COUNTY 
AREA: KELEMGOROK SAFARICOM BOOSTER 
DATE: Saturday 07.08.2021                                TIME: 7.00 A.M. – 5.00 P.M. 
DATE: Sunday 08.08.2021                                  TIME: 7.00 A.M. – 5.00 P.M. 
Kalemngorok Safaricom Booster, Lokichar Town, Lokichar Hosp, Lokichar 
 Boys & adjacent customers 
WESTERN REGION 
 
PARTS OF BUNGOMA COUNTY 
AREA: KABULA MARKET 
DATE: Sunday 08.08.2021  
 
            TIME: 8.30 A.M. – 4.00 P.M. 
 Kabula Mkt, Watoya Mkt & adjacent customers. 
PARTS OF VIHIGA COUNTY 
AREA: KIMA MISSION, EMUSIRE HEALTH CENTRE 
DATE: Tuesday 10.08.2021  
 
            TIME: 8.00 A.M. – 5.00 P.M. 
Kima Mission, Mahanga, Chavavo, Itabalia, Bunyore Girls, Wemilabi, 
Maseno Water, Mwichio, Emusire Boys, Emusire H/Center, Hobunaka Sec, 
 Amatsi Pri, Coptic Hosp & adjacent customers. 
SOUTH NYANZA REGION 
 
PARTS OF NYAMIRA COUNTY 
AREA: KENYERERE 
DATE: Monday 09.08.2021                                 TIME: 9.00 A.M. – 4.00 P.M. 
Gianchore T/Fact, Tinga Mkt, Ikobe Mkt, Nyambogo Mkt, Keore Mkt, Marani 
Sec, Kianungu Sec, Sirate Mkt, Kenyerere Sec, Kenyerere Mkt & adjacent 
 customers. 
MT. KENYA REGION 
 
PARTS OF NYERI COUNTY 
AREA: GICHICHI, GITUNDU 
DATE: Monday 09.08.2021                                TIME: 9.00 A.M. – 2.00 P.M. 
Gitundu, Gichichi Mkt, Chinga Boys, Maria Mariagoretti, Ruirie, Mahira, 
Gikurwe, Kiinu, Ruthiruini, Iganjo, Kiamutundu, Kariko, Kiandumba, 
Giathaimo, Giaguamba, Matiriongo, Mugutha, Kianjai, Kahuaga, Kiganjo, 
Kahiagira, Muringaini, Kiambaa, Ruirie, Mahira, Gikurwe, Kiinu, Ruthiruini & 
 adjacent customers.  
PARTS OF EMBU COUNTY 
AREA: KATHANGARIRI, KOIMUGO ESTATE 
DATE: Monday 09.08.2021                                 TIME: 8.00 A.M. – 5.00 P.M. 
Koimugo Est, Sunmoon Hotel, ASK Njukiri, Kathangari Mkt & Hosp, Nguviu 
Boys & Girls, Kathangariri T/Fact, Kathakwa Sec Sch, Kibugu Mkt & Fact, 
Nguvio Mission, Ngerwe C/Fact, Gikirima C/Fact, Ndunduri C/Fact, 
 Kangethia Mkt & adjacent customers. 
NORTH EASTERN REGION 
 
PARTS OF KIAMBU COUNTY 
AREA: MUTHURE, UTHIRU, KINGEERO 
DATE: Sunday 08.08.2021                                   TIME: 7.00 A.M. - 5.00 P.M. 
Nyathuna, Part of Gitaru, Chura, Ruku, Kahuho, Gwa Thiong’o, Lower Kabete 
Junction, Wangige, Uthiru, Karura, Fort Smith, Ndumbuini, Rukubi & adjacent 
customers. 
 
                                                                                                   
 
For further information, contact 
 the nearest Kenya Power office 
Interruption notices may be viewed at 
www.kplc.co.ke 
